NAME,# MENTIONS / 100K WORDS,GENDER
Hayden,1528.0708346581,M
Padraic,409.476736904,M
Zoe,341.0700349741,F
Jason,316.0196934224,M
Raeya,249.5399408427,F
Ivan,149.3385746356,M
Lauren,121.3978090586,F
Sonja,118.5073850334,F
Logan,110.7995876328,M
Argos,106.9456889326,F
Lisa,92.4935688065,F
Brock,77.0779740055,M
Hilary,62.6258538794,F
Jenny,52.9911071287,F
Parker,48.1737337534,M
Ted,40.4659363529,M
Fuller,35.6485629775,M
Deron,30.8311896022,M
Spencer,30.8311896022,M
Dr. Cara,30.8311896022,F
Scarlett,28.904240252,M
Marines,26.0138162268,?
Evan,23.1233922016,M
Rebecca,21.1964428515,F
Seth,20.2329681764,M
Ray,18.3060188263,M
Finickus,17.3425441512,?
Wade,16.3790694762,M
Rissy,13.488645451,?
Joni,13.488645451,F
Mr. McKanthor,12.5251707759,F
Ben,11.5616961008,M
Karli,10.5982214257,?
Riss,9.6347467507,?
Jones,7.7077974005,M
Orissa Penwell,6.7443227255,?
Underwood,6.7443227255,?
Sam,6.7443227255,M
Jay,5.7808480504,M
Patrick,5.7808480504,M
Megan,4.8173733753,F
Samael,4.8173733753,?
Macy 's,3.8538987003,F
Collette,3.8538987003,F
Dr. Blue Eyes,3.8538987003,?
Austin,3.8538987003,M
Dr. Sheehan,2.8904240252,?
Brown,2.8904240252,M
Air Force,1.9269493501,?
Callias,1.9269493501,?
Elle Wilson,1.9269493501,?
