NAME,# MENTIONS / 100K WORDS,GENDER
Lucy,2950.368083590596,F
Cameron,740.9166468772263,M
Cam,560.4369508430301,M
Clara,403.7045832343861,F
Phineas,330.5628116836856,M
Jackson,246.9722156257421,M
Beryl,199.47755877463786,F
Lord Cameron Effington,170.0308715269532,?
Miss West,169.08097838993115,F
Spencer,123.48610781287105,M
Mother,119.6865352647827,F
Lucinda,99.73877938731893,F
Lady Dunwell,85.49038233198765,F
Father,83.59059605794349,M
Freddy,77.89123723581098,M
God,49.39444312514842,M
Mr. Cadwallender,47.49465685110425,M
Albert,46.544763714082166,M
Lord Fairborough,42.74519116599382,M
Thad,38.94561861790549,M
Fernando,38.94561861790549,M
Grandmother,37.9957254808834,F
Cadwallender,33.24625979577298,?
Simon,32.29636665875089,M
Harry,31.346473521728804,M
Grace,31.346473521728804,F
Mr. Chapman,31.346473521728804,M
Jean-Philippe,30.39658038470672,M
Channing House,26.59700783661838,F
Lady Northrup,26.59700783661838,F
Millworth,26.59700783661838,?
Teddy,25.647114699596294,?
François,25.647114699596294,?
Edwin,23.747328425552126,M
Lord Northrup,21.847542151507955,M
Mr. Aldrich,21.847542151507955,M
Romeo,20.89764901448587,M
Lord Larken,19.947755877463784,M
Lady Fairborough,19.947755877463784,F
Mr. Wilcox,18.9978627404417,M
Joe,18.047969603419617,M
Juliet,18.047969603419617,F
Miss Heartley,17.09807646639753,F
Lady Theodosia,16.148183329375446,F
Mr. Channing,16.148183329375446,M
Vadeboncoeur,15.19829019235336,?
Mrs. Wiggins,14.248397055331274,F
Alfred,13.29850391830919,M
Clement,13.29850391830919,M
Priscilla,13.29850391830919,F
Elizabeth,12.348610781287105,F
Lionel,11.39871764426502,M
I. F. Aldrich,10.448824507242936,M
Pauline,9.49893137022085,F
Daily Messenger,8.549038233198765,?
Shakespeare,8.549038233198765,M
Mrs. Channing,8.549038233198765,F
Jonathon,8.549038233198765,M
Robert,7.59914509617668,M
Prichard,7.59914509617668,?
Roxborough,7.59914509617668,?
Clarkson,6.649251959154595,M
Parker,6.649251959154595,?
Lord Dunwell,5.69935882213251,M
Harold,4.749465685110425,?
Mark Twain,3.79957254808834,?
Dickens,3.79957254808834,M
Lockwood Banking,3.79957254808834,M
Hannibal,3.79957254808834,?
Mrs. Helstrom,3.79957254808834,F
Cameron Effington-Fairchild-Aldrich,3.79957254808834,M
Viscount Northrup,2.849679411066255,?
Fiona,2.849679411066255,?
Mrs. Merryweather,2.849679411066255,F
Spence,2.849679411066255,?
Mr. Merryweather,2.849679411066255,?
Graham,2.849679411066255,?
Carswell,2.849679411066255,M
Henry,1.89978627404417,?
Royal Engineers,1.89978627404417,?
